post,normalized claim
கோயிலுக்குள் நுழைந்து சிலையைத் தொட்டதற்காக கர்நாடகாவில் ஒரு தலித் குடும்பம் நிர்வாணமாக சித்திரவதை செய்யப்பட்டு அபராதம் விதிக்கப்பட்டதை அறிந்து வெட்கப்படுகிறேன். நாம் மனிதர்களா? என்று சொல்லி வெறுமனே சபித்தார்!,"கர்நாடகாவில் தலித் குடும்பம் நிர்வாணமாக கடுமையாக சித்திரவதை செய்யப்பட்டு, கோயிலுக்குள் நுழைந்து சிலையைத் தொட்டதற்காக அபராதம் விதிக்கப்பட்டது."
பள்ளிப் புத்தகங்களுக்கு வரி விதிக்கும் முதல் நாடு இந்தியா …,பள்ளிப் பாடப்புத்தகங்களுக்கு வரி விதிக்கும் முதல் நாடு இந்தியா
"முதல் கட்டமாக கொரோனா தடுப்பூசி எடுத்துக்கொண்ட நோயாளிகள் மற்ற நோயாளிகளை சாப்பிட தொடங்கியதால், மருத்துவமனைகள் பூட்டப்பட்டுள்ளன,” என்று கூறுகிறது. இந்த இடுகையில் உள்ள தலைப்பு, “2021 மிகவும் கடுமையானதாகத் தெரிகிறது","முதல் கட்டமாக கொரோனா தடுப்பூசி எடுத்துக்கொண்ட நோயாளிகள் மற்ற நோயாளிகளை சாப்பிட தொடங்கியதால், மருத்துவமனைகள் பூட்டப்பட்டுள்ளன"
"இந்த சிறுமி மங்களூரில் (தென்னிந்தியா) உள்ள ஒரு பிச்சைக்காரர் குழுவைச் சேர்ந்தது. இந்தச் செய்தியை பகிருங்கள். இந்தச் சிறுமியால் தன் பெயரைக் கூற முடிகிறது, தன் பெயரை சோனல் பிபின் படேல் என்று கூறுகிறாள். இந்த புகைப்படத்துடன் ஒரு போஸ்ட்டை ஒவ்வொரு குழுவிலும் பகிருங்கள். எங்கள் முயற்சியில், இந்தச் சிறுமி தன் உண்மையான பெற்றோரை அடைய முடியும்.","இந்த சிறுமி மங்களூரில் (தென்னிந்தியா) உள்ள ஒரு பிச்சைக்காரர் குழுவைச் சேர்ந்தது. இந்தச் செய்தியை பகிருங்கள். இந்தச் சிறுமியால் தன் பெயரைக் கூற முடிகிறது, தன் பெயரை சோனல் பிபின் படேல் என்று கூறுகிறாள். இந்த புகைப்படத்துடன் ஒரு போஸ்ட்டை ஒவ்வொரு குழுவிலும் பகிருங்கள். இதில் அவருடன் உள்ள பிச்சைக்கார்கள் மும்பை டிரெயினில் காணப்பட்டார்கள். நம் முயற்சியால் இவர் தன் உண்மையான பெற்றோரை அடையக் கூடும்."
ஹத்ராஸில் பாலியல் வன்கொடுமைக்கு ஆளானவரின் உடலினை உ.பி. காவல்துறையினர் எரிப்பதினை முதல்வர் நேரலையில் கண்டார்,ஹத்ராஸில் பாலியல் வன்கொடுமைக்கு ஆளானவரின் உடலினை உ.பி. காவல்துறையினர் எரிப்பதினை முதல்வர் நேரலையில் கண்டார்
"அன்னீஸ் கன்மணி ஜாய் திருவனந்தபுரம் மருத்துவக் கல்லூரியில் செவிலியராக இருந்தார். அவர் IAS முடித்து கொடகுவில் மாவட்ட ஆணையராக நியமிக்கப்பட்டார். அவரது நர்சிங் அனுபவத்தைக் கொண்டு, கொடகு மாவட்டத்தைவிட்டு கொரோனாவை முற்றிலுமாக வெளியேற்ற அவரால் உதவ முடியும். அவர் கொடகு மக்களிடமிருந்து சிறப்பு பாராட்டுகளை பெறுகிறார்","அன்னீஸ் கன்மணி ஜாய் திருவனந்தபுரம் மருத்துவக் கல்லூரியில் செவிலியராக இருந்தார். அவர் IAS முடித்து கொடகுவில் மாவட்ட ஆணையராக நியமிக்கப்பட்டார். அவரது நர்சிங் அனுபவத்தைக் கொண்டு, கொடகு மாவட்டத்தைவிட்டு கொரோனாவை முற்றிலுமாக வெளியேற்ற அவரால் உதவ முடியும். அவர் கொடகு மக்களிடமிருந்து சிறப்பு பாராட்டுகளை பெறுகிறார்"
"கொரோனா வைரஸ் காரணமாக பள்ளிகளும் கல்லூரிகளும் மூடப்பட்டுள்ளன, இதன் காரணமாக மாணவர்களின் கல்வி பாதிக்கப்பட்டுள்ளது. எனவே அனைத்து மாணவர்களுக்கும் இலவச ஆண்ட்ராய்டு ஸ்மார்ட்போன்களை வழங்கப்படுகிறது… உங்கள் இலவச ஸ்மார்ட்போனைப் பெற இந்த இணைப்பிலிருக்கும் படிவத்தை நிரப்பவும்: http://bit.ly/Register-Free-Smartphone-Link.",இந்த வைரல் கூற்று தவறானது. கொரோனா நோய்த்தொற்றின் காரணமாக அனைத்து மாணவர்களுக்கும் அரசு இலவச ஸ்மார்ட்போன்களை வழங்கவில்லை. அறியப்படாத இணைப்புகளைக் கிளிக் செய்ய வேண்டாம் என்று சைபர் நிபுணர்கள் எச்சரிக்கை விடுத்துள்ளனர்.
"ஒரு மாநிலத்துல 40 மாவட்டங்கள் மேல இருந்தா அந்த மாநிலத்த ரெண்டா பிரிச்சிருவாங்க. இப்ப சொல்லுங்க இது நல்லதா கெட்டதா,",ஒரு மாநிலத்துல 40 மாவட்டங்கள் மேல இருந்தா அந்த மாநிலத்த ரெண்டா பிரிச்சிருவாங்க
பொதுவாக Chikoo என்று அழைக்கப்படும் உள்ளூர் பழமான சப்போட்டாவில் கோவிட்-19 நோய்க்கான சிகிச்சை கண்டுபிடிக்கப்பட்டுள்ளது,"கோவிட்-19 நோய்க்கான சிகிச்சையானது உள்ளூர் பழமான சப்போட்டாவில் கண்டுபிடிக்கப்பட்டுள்ளது, இது பொதுவாக சிகூ என்று அழைக்கப்படுகிறது"
பிரம்மோஸ் சூப்பர்சானிக் க்ரூசிபிள் ஏவுகணை மயான்மார் ராணுவத்தால் (கோகோ தீவு) crd #Newwave ஏவப்பட்டது என்பதை நான் பெருமையுடன் கூறுகிறேன்.,மியான்மாரின் ஏவுகணை பரிசோதனை ஏவுதல்
கண்ணால் காண்பதும் பொய் காதால் கேட்பதும் பொய்.. பத்தாள்ஸ் சொல்வதே மெய்,"இந்தியா-சீனா பதற்றத்தில் காயமடைந்து, பிரதமர் நரேந்திர மோடியை சந்தித்த வீரர்களில் ஒருவர் பாரதிய ஜனதா கட்சியின் தலைவர் தேஜீந்தர் பால் சிங் பாகா"
"நீங்கள் வெற்றிபெற எந்த அளவிற்கும் செல்ல வேண்டும், நீங்கள் முதலில் அவர்களுடன் சண்டையிடுவீர்கள், பின்னர் உங்களுக்குள்ளே சண்டையிடுவீர்கள், இவ்வாறு செய்கையில் யாரும் வேலைவாய்ப்பு குறித்து கவனம் செலுத்த மாட்டார்கள்",வரவிருக்கும் மேற்கு வங்கத் தேர்தலில் AIMIM உடனான தங்கள் கூட்டணியை பாஜக தனது அதிகாரப்பூர்வ ட்விட்டர் கணக்கிலிருந்து அறிவித்திருப்பதாகக் கூறி ஒரு ட்வீட்டின் புகைப்படம்
“அகர்தலா ஸ்மார்ட் சிட்டி”. இந்தப் புகைப்படம் ஒரு அழகான பாதசாரி மேம்பாலத்தைக் காட்டுகிறது.,அகர்தலா ஸ்மார்ட் சிட்டி
இது மன்னர் ஹென்றி VIII தனது பூனை டகோபெர்டுக்காக தயாரித்த கவசம்.,இது மன்னர் ஹென்றி VIII தனது பூனை டகோபெர்டுக்காக தயாரித்த கவசம்
டெல்லி #செங்கோட்டையில் #இந்திய #கொடியை இறக்கி விட்டு #காலிஸ்தான் கொடியை ஏற்றிய #சீக்கியர்கள். இந்த நொடியில் இருந்து #அரபு அடிமைகள் முதல் எதிரி என்றால் இவர்கள் இரண்டாவது எதிரிகள். இதுதான் #விவசாயிகள் போராட்டமாம். இனியும் அரசு பொறுத்து கொண்டிருப்பது நல்லதற்கல்ல…,டெல்லி #செங்கோட்டையில் #இந்திய #கொடியை இறக்கி விட்டு #காலிஸ்தான் கொடியை ஏற்றிய #சீக்கியர்கள். இந்த நொடியில் இருந்து #அரபு அடிமைகள் முதல் எதிரி என்றால் இவர்கள் இரண்டாவது எதிரிகள். இதுதான் #விவசாயிகள் போராட்டமாம். இனியும் அரசு பொறுத்து கொண்டிருப்பது நல்லதற்கல்ல
"டெல்லி காவல்துறை சாந்தி சேவா நயா மக்களுக்கு டெல்லி காவல்துறையினர் அளிக்கும் தகவல். நோய்த் தொற்றும் ஆபத்து இருப்பதனால், 22-03-2020 அன்று முக்கிய காரணம் எதுவுமில்லாமல் எந்தவொரு நபரும் வெளியில் அலைந்து திரிந்தால், கடையைத் திறந்தால் அல்லது டெல்லியில் இருந்து வெளியேறினால் ரூ. 11000 அபராதமாக விதிக்கப்படும். 22-03-2020 அன்று இந்தியர்கள் இதற்கு ஒன்று சேர்ந்து ஆதரவளிக்க வேண்டும். நன்றி. டெல்லி காவல்துறை.",இந்த அறிவிப்பு பொய்யானது என்பதை விஸ்வாஸ் நியூஸ் தனது விசாரணையில் கண்டறிந்துள்ளது. டெல்லி காவல்துறை இதுபோன்ற எந்த அறிவிப்பையும் வெளியிடவில்லை.
"வாக்களிக்கவில்லை என்றால், தடுப்பூசி இல்லையா?… பாஜகவுக்கு வாக்களிப்பவர்களுக்கு மட்டுமே இவர்கள் இலவச தடுப்பூசி வழங்குவார்கள். அவ்வாறு வாக்களிக்காதவர்கள், தடுப்பூசிகளை பெற மாட்டார்கள்","வாக்களிக்கவில்லை என்றால், தடுப்பூசி இல்லையா?… பாஜகவுக்கு வாக்களிப்பவர்களுக்கு மட்டுமே இவர்கள் இலவச தடுப்பூசி வழங்குவார்கள். அவ்வாறு வாக்களிக்காதவர்கள், தடுப்பூசிகளை பெற மாட்டார்கள்"
"ஹத்ராஸ்..இது #டாக்டர்_ராஜ்குமாரி என்ற #நக்சல் பெண், பாதிக்கப்பட்டவரின் போலி மைத்துனராக மாறி செப்டம்பர் 14 முதல் செப்டம்பர் 25 வரை பாதிக்கப்பட்டவரின் வீட்டில் வசித்து, பாதிக்கப்பட்டவரின் மைத்துனராக செய்தி தொலைக்காட்சிகளுக்கு நேர்காணல்களை வழங்கினார்","ஹத்ராஸ்..இது #டாக்டர்_ராஜ்குமாரி என்ற #நக்சல் பெண், பாதிக்கப்பட்டவரின் போலி மைத்துனராக மாறி செப்டம்பர் 14 முதல் செப்டம்பர் 25 வரை பாதிக்கப்பட்டவரின் வீட்டில் வசித்து, பாதிக்கப்பட்டவரின் மைத்துனராக செய்தி தொலைக்காட்சிகளுக்கு நேர்காணல்களை வழங்கினார்"
நான் நிறைய பேசும் புகைப்படங்களை பார்த்திருக்கிறேன் .. ஆனால் உண்மையாகவே ஒரு பேசும் புகைப்படத்தை இப்போது தான் நான் பார்க்கிறேன் .. இந்த புகைப்படத்தை எடுத்த நபர் உண்மையில் இந்த சமுதாயத்திற்கு எவ்வளவு பெரிய கருத்தை உணர்த்தியிருக்கிறார் என்பது தெளிவாக தெரிகிறது… இதை நகைச்சுவையாக எடுத்துக் கொள்ளாதீர்கள்… சுகாதாரத் துறையில் பணிபுரியும் ஊழியர்கள் செய்யும் தியாகங்களைப் பற்றி நன்கு சிந்தியுங்கள்,நான் நிறைய பேசும் புகைப்படங்களை பார்த்திருக்கிறேன் .. ஆனால் உண்மையாகவே ஒரு பேசும் புகைப்படத்தை இப்போது தான் நான் பார்க்கிறேன் .. இந்த புகைப்படத்தை எடுத்த நபர் உண்மையில் இந்த சமுதாயத்திற்கு எவ்வளவு பெரிய கருத்தை உணர்த்தியிருக்கிறார் என்பது தெளிவாக தெரிகிறது… இதை நகைச்சுவையாக எடுத்துக் கொள்ளாதீர்கள்… சுகாதாரத் துறையில் பணிபுரியும் ஊழியர்கள் செய்யும் தியாகங்களைப் பற்றி நன்கு சிந்தியுங்கள்
"SRMIST KTR வளாகத்தின் உள்ள ஒவ்வொரு பெண் மாணவரும் பாதுகாப்பு நோக்கங்களுக்காக ஒரு காதலனைக் கொண்டிருப்பதைக் கட்டாயமாக்குகிறது. மேலும் ஒற்றை மாணவர்கள் வளாகத்திற்குள் நுழைய அனுமதிக்க மாட்டார்கள் என்றும் அது எச்சரிக்கிறது. வளாகத்திற்குள் நுழைவதற்கு தங்கள் காதலனுடன் அவர்கள் எடுத்துக்கொண்ட சமீபத்திய படத்தை காட்ட வேண்டும் என்றும் அது கூறுகிறது. SRM பல்கலைக்கழக லோகோ, பதிவாளரின் முத்திரை மற்றும் கையொப்பத்துடன் கூடிய சுற்றறிக்கை கல்லூரியில் உள்ள மற்ற அனைத்து மூத்த அதிகாரிகளுக்கும் அனுப்பப்பட்டுள்ளது","SRM பல்கலைக்கழக பதிவாளரிடம் இருந்து வந்ததாகக் கூறப்படும் ஒரு வைரல் சுற்றறிக்கை, SRMIST KTR வளாகத்தின் உள்ள ஒவ்வொரு பெண் மாணவரும் பாதுகாப்பு நோக்கங்களுக்காக ஒரு காதலனைக் கொண்டிருப்பதைக் கட்டாயமாக்குகிறது. மேலும் ஒற்றை மாணவர்கள் வளாகத்திற்குள் நுழைய அனுமதிக்க மாட்டார்கள் என்றும் அது எச்சரிக்கிறது. வளாகத்திற்குள் நுழைவதற்கு தங்கள் காதலனுடன் அவர்கள் எடுத்துக்கொண்ட சமீபத்திய படத்தை காட்ட வேண்டும் என்றும் அது கூறுகிறது"
‘உலக வரலாற்றிலேயே முதன்முறையாக செவ்வாய் கிரகத்தில் மைக்ரோஃபோன்கள் அனுப்பப்பட்டுள்ளன. சிவப்பு கிரகத்தில் பதிவு செய்யப்பட்ட முதல் ஆடியோ பதிவு இதுவாகும். இது அற்புதமானது மற்றும் வரலாற்று சிறப்புமிக்கது’,"For the very first time, we have microphones on Mars. This is the first recorded audio of what it sounds like on the red planet. Amazing and historic."
இந்திய விமானப்படையின் (ஐஏஎஃப்) போர் விமானமான சுகோய் SU-30 ஐ சீனா திபெத்தில் சுட்டு வீழ்த்தியதாக சமூக ஊடகங்களில் ஒரு வைரல் பதிவு கூறுகிறது,இந்திய விமானப்படையின் (ஐஏஎஃப்) போர் விமானமான சுகோய் SU-30 ஐ சீனா திபெத்தில் சுட்டு வீழ்த்தியது
"கொரோனா வைரஸைத் தடுக்க எருக்கம் பூ (மொட்டு) மற்றும் 6-10 கருப்பு மிளகு விதைகளுடன் வெற்றிலை உட்கொள்வதை சமூக ஊடகங்களில் ஒரு இடுகை அறிவுறுத்துகிறது. ஒன்றரை நிமிடம் தொடரும் வீடியோ, எருக்கம் பூ, வெற்றிலை மற்றும் கருப்பு மிளகு கொண்டு தயாரித்த மாத்திரைகள் வடிவில் சித்த மருத்துவக் கடைகளில் கிடைக்கிறது என்று கூறுகிறது. மேலும் கொரோனாவால் உயிர் பிரியும் நிலையில் உள்ளவர்களையும் காப்பாற்ற உதவும் என்று கூறுகிறது",Intake of betel leaf with calotropis flower (bud) and 6-10 black pepper seeds to prevent corona virus
"பாகிஸ்தான் கொரோனா தடுப்பூசியை ஒன்றை கண்டுபிடித்தால், அதனை நாங்கள் ஒருபோதும் இஸ்ரேலுடனோ, இந்தியாவுடனோ பகிர்ந்து கொள்ள மாட்டோம் – பாகிஸ்தான் பிரதமர் இம்ரான் கான்","பாகிஸ்தான் கொரோனா தடுப்பூசியை ஒன்றை கண்டுபிடித்தால், அதனை நாங்கள் ஒருபோதும் இஸ்ரேலுடனோ, இந்தியாவுடனோ பகிர்ந்து கொள்ள மாட்டோம் - பாகிஸ்தான் பிரதமர் இம்ரான் கான்,"
நெற்றியில் சந்தனம் வைப்பது போல் அருகில் சென்று ஹரியானா பிஜேபி எம்.எல்.ஏ முகத்தில் சாணியை பூசி செருப்பால் அடித்த விவசாயிகள். விவசாயிகள் போராட்டம் வெல்லட்டும்!,நெற்றியில் சந்தனம் வைப்பது போல் அருகில் சென்று ஹரியானா பிஜேபி எம்.எல்.ஏ முகத்தில் சாணியை பூசி செருப்பால் அடித்து விவசாயிகள் தாக்கியதாகக் கூறி பகிரப்படும் காணொளி
"“தங்க நாற்கர சாலை தந்த தலைமகனுக்கு பிறந்த நாள் இன்று,” என்று டிசம்பர் 25-ம் தேதி மறைந்த முன்னாள் இந்தியப் பிரதமர் அடல் பிகாரி வாஜ்பாய் அவர்களின் பிறந்தநாளுக்கு வாழ்த்துக் கூறுவதாக பகிரப்பட்டு வருகிறது.","“தங்க நாற்கர சாலை தந்த தலைமகனுக்கு பிறந்த நாள் இன்று,” என்று டிசம்பர் 25-ம் தேதி மறைந்த முன்னாள் இந்தியப் பிரதமர் அடல் பிகாரி வாஜ்பாய் அவர்களின் பிறந்தநாளுக்கு வாழ்த்துக் கூறுவதாக பகிரப்பட்டு வருகிறது."
"ஹாய் காய்ஸ்… 2021 நாட்காட்டியில் நீங்கள் இதைக் கவனித்தீர்களா? இந்த ஆண்டின் பிப்ரவரி மீண்டும் உங்கள் வாழ்க்கையில் வராது. ஏனெனில் இந்த ஆண்டு பிப்ரவரியில் 4 ஞாயிறு, 4 திங்கள், 4 செவ்வாய், 4 புதன், 4 வியாழன், 4 வெள்ளி, 4 சனிக்கிழமைகள் உள்ளன. ஒவ்வொரு 823 ஆண்டுக்கு ஒருமுறை இது நடைபெறும். இந்த ஆண்டு பிப்ரவரி மிகவும் தனித்துவமானது.","இவ்வாண்டின் பிப்ரவரி மாதத்தில் ஒவ்வொரு நாளும் மாதத்தில் நான்கு முறை வருவதால், இந்த ஆண்டு பிப்ரவரி மிகவும் சிறப்பு வாய்ந்தது என்றும், இந்தத் தற்செயல் 823 ஆண்டுகளுக்கு ஒருமுறை மட்டுமே வருகிறது என்றும் சமூக ஊடகங்களில் வைரலாகி வரும் ஒரு பதிவு கூறுகிறது."
அமெரிக்காவின் அனுமன்ஜி – இந்த சிலை அமெரிக்காவின் பண்டைய கடவுளான ‘குரங்கு கடவுள்’. இது இப்போது கொலராடோவின் டென்வர் அருங்காட்சியகத்தில் உள்ளது. உலகெங்கிலும் ஒரே மதமாக சனாதன இந்து மதம் இருந்தது…,அமெரிக்காவின் அனுமன்ஜி - இந்த சிலை அமெரிக்காவின் பண்டைய கடவுளான ‘குரங்கு கடவுள்’. இது இப்போது கொலராடோவின் டென்வர் அருங்காட்சியகத்தில் உள்ளது. உலகெங்கிலும் ஒரே மதமாக சனாதன இந்து மதம் இருந்தது…
"அவர் கொரோனா வைரஸால் பாதிக்கப்பட்டபோது, ​​கோயில்கள் அவர் நலம்பெற வேண்டி பிரார்த்தனைகள் செய்தன. இப்போது அவர் மீண்டும் நல்ல உடல்நிலைக்கு திரும்பிவிட்டதால், அவர் ஹாஜி அலி தர்காவுக்குச் சென்று போர்வையினைக் காணிக்கையாக வழங்கினார்","கொரானோவிலிருந்து மீண்டதற்குப் பின்பாக பாலிவுட் நடிகர் அமிதாப் பச்சன், ஹாஜி அலி தர்காவில் போர்வையினை (சடார்) காணிக்கையாக வழங்க சென்றார்"
மனிதன் எந்த அளவிற்கு மனிதாபிமானம் அற்றவன் என்பதற்கு உதாரணம்..இந்த புகைப்படங்கள் தான்..தன் வாழ்க்கையை கை ரிக்‌ஷா இழுத்து சம்பாரிக்கும் ஒரு ஏழை ரிக்‌ஷா தொழிலாளியின் ரிக்‌ஷாவை புல்டோஷர் கொண்டு சுக்கு நூறாக்கிய காட்சி..தன் வாழ்வாதாரம் பறிக்கப்பட்டதை கண்டு கதறி அழும் அந்த மனிதனின் வேதனை அழுகையை பாருங்கள்..! உங்களுக்கு ஒரு வலி ஏற்படும்..,தன் வாழ்க்கையை கை ரிக்‌ஷா இழுத்து சம்பாரிக்கும் ஒரு ஏழை ரிக்‌ஷா தொழிலாளியின் ரிக்‌ஷாவை புல்டோஷர் கொண்டு சுக்கு நூறாக்கிய காட்சி..தன் வாழ்வாதாரம் பறிக்கப்பட்டதை கண்டு கதறி அழும் அந்த மனிதனின் வேதனை அழுகையை பாருங்கள்
"17 செப்டம்பர் தேசிய வேலைவாய்ப்பு தினம்: மாணவர்கள் தங்கள் உரிமைகளுக்காக போராடினால், அவர்களை லத்தியால் தாக்குகிறார்கள். அதேபோல் விவசாயிகள் தங்கள் உரிமைகளுக்காக போராடினாலும், அவர்களையும் லத்தியால் தாக்குகின்றனர்",வேலையின்மைக்கு எதிராக போராடிய மாணவர்கள் உ.பி. காவல்துறையினரால் தாக்கப்பட்டனர் என்ற கூற்றுடன் கூடிய படங்கள்
"உலக சுகாதார அமைப்பு (WHO), மூளைக்கு மிகப்பெரிய தீங்கு விளைவிக்கும் ஏழு பழக்கங்களை வெளியிட்டுள்ளதாக கூறும் ஒரு புகைப்படம் சமூக ஊடகங்களில் வைரலாகி வருகிறது. காலை உணவை தவிர்ப்பது, தாமதமாக தூங்குவது, அதிக சர்க்கரை உட்கொள்வது, அதிக தூக்கம் கொள்வது (குறிப்பாக காலையில்) , தொலைக்காட்சி அல்லது கணினி பார்த்துக்கொண்டே உணவு உட்கொள்வது, தூங்கும் போது தொப்பி/குள்ளா அல்லது சாக்ஸ் அணிவது, சிறுநீரை நிறுத்தும் பழக்கம் ஆகியவையும் இதில் அடங்கும் என்று அதில் குறிப்படப்பட்டுள்ளது.","உலக சுகாதார அமைப்பு (WHO), மூளைக்கு மிகப்பெரிய தீங்கு விளைவிக்கும் ஏழு பழக்கங்களை வெளியிட்டுள்ளதாக கூறும் ஒரு புகைப்படம் சமூக ஊடகங்களில் வைரலாகி வருகிறது. காலை உணவை தவிர்ப்பது, தாமதமாக தூங்குவது, அதிக சர்க்கரை உட்கொள்வது, அதிக தூக்கம் கொள்வது (குறிப்பாக காலையில்) , தொலைக்காட்சி அல்லது கணினி பார்த்துக்கொண்டே உணவு உட்கொள்வது, தூங்கும் போது தொப்பி/குள்ளா அல்லது சாக்ஸ் அணிவது, சிறுநீரை நிறுத்தும் பழக்கம் ஆகியவையும் இதில் அடங்கும் என்று அதில் குறிப்படப்பட்டுள்ளது."
டிசம்பர் 8 ஆம் தேதி புயல் வரலாம் “Tauktao” என்று பெயர் … டிசம்பர் 17 ஆம் தேதி புயல் வரலாம் “Yaas” என்று பெயர் … டிசம்பர் 24 ஆம் தேதி புயல் வரலாம் “Gulab”என்று பெயர் … ஜனவரி 01 ஆம் தேதி ஒரு புயல் வரலாம். “Shaheen”என்று பெயர் … ஜனவரி 8 ஆம் தேதி ஒருபுயல் வரலாம் “Jawad “என்று பெயர் …தமிழ்நாடு ஒரு புயல் மாநிலமாக உருவாகிறதா,டிசம்பர் 8 ஆம் தேதி புயல் வரலாம்
"தனது குழந்தைகள் இப்படி பாதிக்கப்பட மாட்டார்கள் என்ற நம்பிக்கையுடன் தான் அவர் வாக்களிக்க வந்திருப்பதாகக் கூறி, நிதீஷின் 15 ஆண்டுகால ஆட்சியின் கீழ் பீகாரில் ஏற்பட்டுள்ள வளர்ச்சியை விமர்சித்துள்ளார்","தனது குழந்தைகள் இப்படி பாதிக்கப்பட மாட்டார்கள் என்ற நம்பிக்கையுடன் தான் அவர் வாக்களிக்க வந்திருப்பதாகக் கூறி, நிதீஷின் 15 ஆண்டுகால ஆட்சியின் கீழ் பீகாரில் ஏற்பட்டுள்ள வளர்ச்சியை விமர்சித்துள்ளார்"
"JNU தொழிற்சங்கத் தலைவர் கன்ஹையா குமாரின் சகோதரி இஸ்ரோ விஞ்ஞானி ஆனார். வாழ்த்துகள்,",JNU தொழிற்சங்கத் தலைவர் கன்ஹையா குமாரின் சகோதரி இஸ்ரோ விஞ்ஞானி ஆனார்
"கொஞ்சம் கருப்பு மிளகு தூள், எலுமிச்சை சாறு, இஞ்சி துண்டு மூன்றையும் தண்ணீரில் கலந்து அந்த தண்ணீரை கொதிக்க வைத்து குடித்ததே என்று கூறுகிறது. மேலும், இஞ்சி, மிளகு, எலுமிச்சை சாறு நீரை கொண்டு தான் கர்நாடகாவில் பெருமளவு கொரோனா நோயை கட்டுப்படுத்தினார்கள்","உரிமைகோரல் ஆய்வு: கோயம்புத்தூர் இஎஸ்ஐ மருத்துவமனையில் 141 கொரோனா நோயாளிகள் தண்ணீரில் மிளகு, இஞ்சி, எலுமிச்சை கலவையைப் பயன்படுத்தி குணமடைந்தனர்"
அதிர்ச்சியூட்டக்கூடிய வகையில் ஆஸ்திரேலிய உயர் ஆணையர் @RSSorg தலைவர் மோகன் பாகவத்தை சந்தித்து #Covid நிவாரண பணிகளில் RSS அமைப்பின் செயல்பாடுகளைப் பாராட்டினார்,அதிர்ச்சியூட்டக்கூடிய வகையில் ஆஸ்திரேலிய உயர் ஆணையர் @RSSorg தலைவர் மோகன் பாகவத்தை சந்தித்து #Covid நிவாரண பணிகளில் RSS அமைப்பின் செயல்பாடுகளைப் பாராட்டினார்
"கொள்ளை அடிக்கவேண்டும்..மக்களின் பணத்தை அல்ல..மக்களின் மனதை.கோடான கோடி மக்களின் உள்ளத்தை கொள்ளை அடித்த யோகி ஆதித்யநாத்திற்கு கூடிய கூட்டம் இது. அதுவும் பீகாரில்,",கொள்ளை அடிக்கவேண்டும்..மக்களின் பணத்தை அல்ல..மக்களின் மனதை.கோடான கோடி மக்களின் உள்ளத்தை கொள்ளை அடித்த யோகி ஆதித்யநாத்திற்கு கூடிய கூட்டம் இது. அதுவும் பீகாரில்
"தமிழ்நாட்டைச் சேர்ந்த 18 வயது மாணவரான ரிஃபாத் ஃபரூக் உலகின் மிகச்சிறிய சேட்டிலைட்டை உருவாக்கி அதை நாசா மூலமாக விண்ணில் செலுத்தியதன் மூலம் இந்தியா இன்று ஒரு சரித்திரத்தை படைத்திருக்கிறது. இந்த சேட்டிலைட் இந்தியாவின் முன்னாள் குடியரசுத் தலைவர் அப்துல் கலாமின் பெயரில் ”கலாம்சாட்” எனப் பெயரிடப்பட்டுள்ளது. இதன் எடை 64 கிராம். இருந்தபோதும், (Godi) கோடி மீடியா காஷ்மீர் ஃபல்ஸ்ஸை காட்டுவதிலேயே மும்முரமாக உள்ளது.",தமிழகத்தைச் சேர்ந்த 18 வயது மாணவர் ரிஃபாத் ஃபாரூக் வடிவமைத்த உலகின் மிகச்சிறிய செயற்கைக்கோளை 'நாசா' நேற்று விண்ணில் செலுத்தி இந்தியா வரலாறு படைத்தது. இந்த செயற்கைக்கோளுக்கு முன்னாள் குடியரசுத் தலைவர் கலாம் அவர்களின் நினைவாக ‘கலாம்சாட்’ என்று பெயரிடப்பட்டுள்ளது. இதன் எடை 64 கிராம் மட்டுமே. ஆனால் இந்தியாவின் கோடி மீடியா 'காஷ்மீர் ஃபைல்ஸ்' குறித்தே மும்முரமாக உள்ளன
"புற்றுநோய் குறிப்பாக வைட்டமின் B -17 குறைபாடு காரணமாக ஏற்படும் என உலக சுகாதார நிறுவனம் (WHO) தெரிவித்துள்ளது என்று கூறுகிறது. மேலும், திண்டுக்கல் திராட்சை விதைகள் மற்றும் பிட்டர் ஆல்மண்ட்ஸ் என்ற பாதாம் பருப்பை உட்கொள்வது புற்றுநோயை குணப்படுத்தும் என்று கூறுகிறது",வைட்டமின் B17 குறைபாடு புற்றுநோயை ஏற்படுத்தும்; திராட்சை உட்கொள்வது புற்றுநோயை குணப்படுத்தும்
"2020 பீகார் தேர்தலில் பாரதிய ஜனதா கட்சியின் பிரச்சாரத்தை ஊக்குவித்ததில், உங்களின் பயனுள்ள மற்றும் விலைமதிப்பற்ற பங்களிப்புக்காக உங்களுக்கும், உங்கள் குழுவினருக்கும் நான் என் வாழ்த்துகளைத் தெரிவித்துக்கொள்கிறேன். ஜனநாயக விதிமுறைகளைப் பின்பற்றும் ஒரே கட்சி பாரதிய ஜனதா கட்சிதான் என்று கூறுவதில் நான் மகிழ்ச்சியடைகிறேன், மேலும் மூன்று முதல்வர் வேட்பாளர்களில், பீகாரின் முதல்வராக ஸ்ரீ கிரிராஜ் சிங்கினை நான் பரிந்துரைக்கிறேன். ராம் மந்திரை கட்டியெழுப்பியதில் ஸ்ரீ கிரிராஜ் சிங்கின் பங்களிப்பு அசாதாரணமானது மற்றும் பாராட்டத்தக்கது என்பதை நான் இங்கு கூற விரும்புகிறேன்…","பீகார் சட்டமன்றத் தேர்தல் முடிவுகளுக்குப் பிறகு, மூன்று முதல்வர் வேட்பாளர்களில் பீகார் முதல்வராக மத்திய அமைச்சர் கிரிராஜ் சிங் பதிவியேற்றிட பிரதமர் நரேந்திர மோடி பரிந்துரைப்பதாகக் கூறப்படும் கடிதம்"
"இது மிகவும் கோரமான சம்பவம், ஜிகாதி அர்பாஸ் கான் தமிழ்நாட்டின் நீலகிரியில் யானை மீது எரியும் டயரை வீசினார்! இதன் காரணமாக யானை சிகிச்சையின் போது இறந்தது .. மாநில போலீசார் தூங்குகிறார்கள், இத்தகையவர்களுக்கு மட்டும் சட்டத்தில் இருந்து பாதுகாப்பு இருக்கிறதா?","ஒரு யானை மீது எரியும் டயரை வீசப்படும் காணொலி, அர்பாஸ் கான் என்பவர் யானையை கொன்றார் என்ற கூற்றுடன் வைரலாகியுள்ளது."
டாடா நினைவு மருத்துவமனை. மேலே உள்ள காணொளியை நீக்காமல் அனைவரும் பார்க்குமாறு கேட்டுக்கொள்கிறது. இது சாதாரணமான பார்வார்டு செய்தியல்ல. இது மிகவும் முக்கியமான ஒன்று. இதை உங்கள் மற்ற குழுக்களிலும் பகிருமாறு கேட்டுக்கொள்கிறோம்.,டாடா நினைவு மருத்துவமனை. மேலே உள்ள காணொளியை நீக்காமல் அனைவரும் பார்க்குமாறு கேட்டுக்கொள்கிறது.
பெரிய செய்தி யோகி ஜி உத்தர பிரதேசத்தின் முதல் அமைச்சராக மீண்டும் ஆக வேண்டும் என்பது எனது மனதார்ந்த விருப்பம் என்று மத்திய அமைச்சர் ஸ்ம்ரிதி இரானியிடம் கூறினார்,பெரிய செய்தி யோகி ஜி உத்தர பிரதேசத்தின் முதல் அமைச்சராக மீண்டும் ஆக வேண்டும் என்பது எனது மனதார்ந்த விருப்பம் என்று மத்திய அமைச்சர் ஸ்ம்ரிதி இரானியிடம் கூறினார்
"இது பூரி ஜகந்நாதர் ஆலயத்திலிருந்து எடுக்கப்பட்ட சாலிகிராம். நம் பூமியில் பெருந்நோய்த்தொற்று ஏற்படும்போதெல்லாம் இது வெளியே எடுக்கப்படுகிறது. இதற்குமுன் இது 1920 ஆம் ஆண்டில் வெளியே எடுக்கப்பட்டது, தற்போது 2020 ஆம் ஆண்டில் வெளியே எடுக்கப்பட்டுள்ளது","பூரி ஜகந்நாதர் ஆலயத்திலிருந்து சாலிகிராம் வெளியே எடுக்கப்பட்டுள்ளதாக கூறும் ஒரு இடுகை வாட்ஸ்அப் உள்ளிட்ட பல்வேறு சமூக வலைத்தளங்களில் பகிரப்பட்டு வருவதை எங்களால் காண முடிந்தது. இது பூமியில் பெருந்நோய்த்தொற்று ஏற்படும்போதெல்லாம் வெளியே எடுக்கப்படுகிறது என்றும், கடைசியாக இது 1920 ஆம் ஆண்டில் வெளியே எடுக்கப்பட்டது என்றும், இதனைக் காண்பது மிகவும் அரிதானது என்றும் அந்த இடுகையில் கூறப்பட்டுள்ளது."
"…..எனக்கு ஒன்றை சொல்லுங்கள்…இங்கே இருக்கும் கழுகு…இந்த கழுகுகள் ஏன் இங்கு பறக்கின்றன. என்னிடம் சொல்லுங்கள், இந்த கழுகுகள் இங்கே என்ன செய்கின்றன? இங்குள்ள கழுகுகள் ஏன் இங்கு சுற்றித் திரிகின்றன என்று யாராவது என்னிடம் சொல்ல முடியுமா… ஏனென்றால் கடந்த ஐந்து ஆண்டுகளாக அவர்களுக்கு வேலை கிடைக்கவில்லை.",நாட்டில் பாஜக ஆட்சியின் போது கழுகுகளின் வேலையின்மை குறித்து கவலை தெரிவித்ததாக கூறப்படுகிறது
பில்லிங் பிரச்சினை காரணமாக உங்கள் அமேசான் கணக்கு நிறுத்தப்பட்டுள்ளது. கட்டணத் தகவலைப் புதுப்பிக்கவும்.,பில்லிங் பிரச்சினை காரணமாக உங்கள் அமேசான் கணக்கு நிறுத்தப்பட்டுள்ளது. கட்டணத் தகவலைப் புதுப்பிக்கவும்
ஒரு இயந்திரம் ஒரு வெள்ளைத் தாளில் இருந்து முந்திரி வடிவ பொருள்களை வெட்டுவதைக் காட்டுகிறது. இதை வைத்து போலி முந்திரி தயாரிக்கப்படுவதாகக் கூறப்படுகிறது,செயற்கையாக உருவாக்கப்படும் முந்திரிப்பருப்பு!
"சீனா முதல் நெகிழி பெண்ணை உருவாக்கி உள்ளது, அவளுக்கு ஆன்மா கிடையாது, உலகின் முடிவு நெருங்கி விட்டது.","“சீனா முதல் நெகிழி பெண்ணைத உருவாக்கி உள்ளது, அவளுக்கு ஆன்மா கிடையாது, உலகின் முடிவு நெருங்கி விட்டது.” என்று அந்த வைரல் பதிவு க்ளைம் செய்கிறது."
"நிராயுதபாணியான விவசாயி லத்தியால் தாக்கப்பட்டதாகக் கூறி, முதுகில் சிவந்த காய அடையாளங்களுடன் ஒரு நபரின் புகைப்படத்தை வெளியிட்டுள்ளார்","நிராயுதபாணியான விவசாயி லத்தியால் தாக்கப்பட்டதாகக் கூறி, முதுகில் சிவந்த காய அடையாளங்களுடன் ஒரு நபரின் புகைப்படத்தை வெளியிட்டுள்ளார்"
"ரூர்க்கியின் மங்களூரில் நடந்த சிலிண்டர் வெடிப்பு விபத்தில் 24 பேர் இறந்ததாகக் கூறி, தீ விபத்து ஏற்பட்ட ஒரு கட்டிடத்தின் வைரல் காணொளி சமூக வலைத்தளங்களில் பகிரப்பட்டு வருகிறது. மேலும் 10 சிலிண்டர்கள் வெடித்ததில் அந்த இனிப்பு கடை தீப்பிடித்து, அதில் 30 பேர் காயமடைந்ததாகவும் இந்த இடுகை கூறுகிறது","ரூர்க்கியின் மங்களூரில் நடந்த சிலிண்டர் வெடிப்பு விபத்தில் 24 பேர் இறந்ததாகக் கூறி, தீ விபத்து ஏற்பட்ட ஒரு கட்டிடத்தின் வைரல் காணொளி சமூக வலைத்தளங்களில் பகிரப்பட்டு வருகிறது. மேலும் 10 சிலிண்டர்கள் வெடித்ததில் அந்த இனிப்பு கடை தீப்பிடித்து, அதில் 30 பேர் காயமடைந்ததாகவும் இந்த இடுகை கூறுகிறது"
"இந்த மகள்(பெண்) ஹத்ராஸில் நாக்கு துண்டிக்கப்பட்டு, பாலியல் வன்கொடுமை செய்யப்பட்டுள்ளார்…",உத்தரப்பிரதேசத்தின் ஹத்ராஸில் பாலியல் வன்கொடுமை செய்யப்பட்ட பெண் என்று ஒரு பெண்ணின் புகைப்படம் பகிரப்பட்டு வருகிறது
"பீகாரில் தேர்தல் பிரச்சாரத்தின்போது பாஜக தலைவர்கள் தாக்கப்பட்டார்கள் என்ற கூற்றுடன், வேகமாக வரும் கார்கள் மீது கற்கள் வீசப்படும் காணொளி ஒன்று அக்டோபர் 22, 2020 அன்று பகிரப்பட்டுள்ளது. இந்த இடுகையை இங்கே காணலாம். தனது தேர்தல் பிரச்சாரத்தின்போது அமித் ஷாவின் கார் தாக்கப்பட்டது என்ற கூற்றுடனும் இதே காணொளி பகிரப்பட்டு வருகிறது.","பீகாரில் தேர்தல் பிரச்சாரத்தின்போது பாஜக தலைவர்கள் தாக்கப்பட்டார்கள் என்ற கூற்றுடன், வேகமாக வரும் கார்கள் மீது கற்கள் வீசப்படும் காணொளி ஒன்று அக்டோபர் 22, 2020 அன்று பகிரப்பட்டுள்ளது."
"#JNUவின் முற்போக்கான மாணவர்கள், இந்து பெண்கள் புடவைகள், பொட்டு மற்றும் குங்குமம் அணிவது குறித்து தங்கள் எதிர்ப்பினைத் தெரிவித்தனர். ஜே.என்.யூவில் குங்குமப்பூ, குர்தா, மூக்கு வளையம் மற்றும் நெற்றியில் குங்குமம் அணிந்த ஒரு ஆண் இந்து கலாச்சாரத்தை எதிர்க்கிறான் … இது #சிஏஏ போராட்டம் நடக்கும் நேரத்தில் நடைபெற்றுள்ளது…… இதன் ஒரே நோக்கம் இந்துத்துவத்தின் வேர்களை தோண்டி எடுத்து, இந்துத்துவத்தை இழிவுபடுத்தி, சதி திட்டம் மூலம் இந்து சமுதாயத்திற்கு எதிராக மற்றும் ஜிஹாதி அடிப்படைவாதமான இஸ்லாத்திற்கு ஆதரவாக, இஸ்லாத்தின் கொள்கைகளை சாத்தியமான அனைத்து வழிகளிலும் பரப்புவதே ஆகும்…","JNUவின் முற்போக்கான மாணவர்கள், இந்து பெண்கள் புடவைகள், பொட்டு மற்றும் குங்குமம் அணிவது குறித்து தங்கள் எதிர்ப்பினைத் தெரிவித்தனர். ஜே.என்.யூவில் குங்குமப்பூ, குர்தா, மூக்கு வளையம் மற்றும் நெற்றியில் குங்குமம் அணிந்த ஒரு ஆண் இந்து கலாச்சாரத்தை எதிர்க்கிறான் … இது #சிஏஏ போராட்டம் நடக்கும் நேரத்தில் நடைபெற்றுள்ளது…… இதன் ஒரே நோக்கம் இந்துத்துவத்தின் வேர்களை தோண்டி எடுத்து, இந்துத்துவத்தை இழிவுபடுத்தி, சதி திட்டம் மூலம் இந்து சமுதாயத்திற்கு எதிராக மற்றும் ஜிஹாதி அடிப்படைவாதமான இஸ்லாத்திற்கு ஆதரவாக, இஸ்லாத்தின் கொள்கைகளை சாத்தியமான அனைத்து வழிகளிலும் பரப்புவதே ஆகும்"
"இந்தியாவில் பரவி வரும் புதிய வகை கொரோனா வைரஸ் தொற்று குறித்து சுகாதார அமைச்சகம் கடுமையான எச்சரிக்கை விடுத்துள்ளதாகக் கூறுகிறது. உருமாற்றம் கொண்ட கொரோனா வைரஸ் க்ளேட் A13-i மகாராஷ்டிராவிலிருந்து பரவி வருவதாகவும், பாதிக்கப்பட்டவர்களில் 41 சதவீதம் பேர் இறந்துவிட்டதாகவும் அந்த இடுகை மேலும் கூறுகிறது",இந்தியாவில் பரவி வரும் கொராணோ வைரஸ் தொற்று தற்போது அதிக வீரியம் கொண்ட கொராணா வைரஸ் கிளேட் A13-I ஆக உருமாறி பரவி வருகிறது.
"கொரோனா வைரஸைக் கொல்ல மஞ்சள், மிளகு, எலுமிச்சை, தோல் உரிக்கப்படும் இஞ்சி, தண்ணீரில் துளசி ஆகியவற்றைக் கொதிக்கவைத்து ஏழு முறை நீராவி பிடிக்க சமூக ஊடகங்களில் ஒரு இடுகை அறிவுறுத்துகிறது. அதிகமாக உள்ளிழுக்கவோ அல்லது போர்வைகளை மற்றவர்களுடன் பகிர்ந்து கொள்ளவோ கூடாது என்று இது மேலும் எச்சரிக்கிறது.",சமூக ஊடகங்களில் ஒரு இடுகை அறிவுறுத்துகிறது. அதிகமாக உள்ளிழுக்கவோ அல்லது போர்வைகளை மற்றவர்களுடன் பகிர்ந்து கொள்ளவோ கூடாது என்று இது மேலும் எச்சரிக்கிறது. இடுகைக்கா
"கொரோனா வைரஸுக்கு எதிராக சிகிச்சையளிப்பதில் தினை ரொட்டி அல்லது பஜ்ரா ரொட்டியினை உட்கொள்வது பயனுள்ளதாக இருக்கிறது. கொரோனா வைரஸ் நோய்த்தொற்று ஏற்பட்ட ஒருவர் சூடாக உணவை உட்கொள்வது, அவர் குணமடைவதற்கு பயனுள்ளதாக இருக்கும் என்று உலக சுகாதார அமைப்பின் விஞ்ஞானிகள் சமீபத்தில் தெரிவித்துள்ளனர். எனவே, நமது உணவுப் பழக்கத்தை நாம் மாற்றிக்கொள்ள வேண்டும். தினை சாப்பிடும் மக்கள் கொரோனா வைரஸ் தொற்றுக்கு ஆளாக மாட்டார்கள் என்று பிரபல மருத்துவர்கள் கூறுகிறார்கள். தினை இயற்கையிலே சூடான தன்மை கொண்டதாகும். அவற்றை சாப்பிடுவதன் மூலம் உடலில் வெப்ப அளவு நிலையாக பராமரிக்கப்படுகிறது, இதனால், தினை உட்கொள்ளும் மக்களை கொரோனா வைரஸ் தாக்குவதில்லை. அப்படியே நோய்த்தொற்று ஏற்பட்டாலும், தினையினில் உள்ள வெப்பமானது எதிர்புரதங்கள் (ஆன்டிபாடிகள்) உருவாக வழிவகுக்கிறது. தினை உட்கொள்ளும் நபருக்கு கொரோனா தொற்று உறுதிசெய்யப்பட்டாலும், அவர் ஒருபோதும் எந்த பிரச்சனையையும் எதிர்கொள்ள மாட்டார். நாட்டின் கிராமப்புறங்களில் வசிக்கும், தினை சாப்பிடும் மக்கள் எப்போதும் ஆரோக்கியமாக இருப்பதற்கு இதுவே காரணம். கிராமத்தில் வசதிகள் இல்லாதபோது கூட, மக்கள் கொரோனா வைரஸ் நோயால் பாதிக்கப்படுவதில்லை.” தினையின் நன்மைகள்: 1) உடலைப் பலப்படுத்துதல் – தினை சாப்பிடுவது உடலில் ஆற்றலைத் தக்க வைத்துக் கொள்ள உதவும். 2) தினை எளிதில் செரிக்கும் உணவாகும். இது எடையைக் குறைக்க உதவுகிறது. 3) தினை இதய நோய் அபாயத்தையும், கொழுப்பையும் குறைக்கிறது. 4) கார்போஹைட்ரேட்டுகள், மாவுச்சத்து நிறைந்த உணவுகள் அதிக அளவில் உடலை நிரப்புகின்றன. 5) தினை நார் – இது செரிமானத்தை மேம்படுத்துகிறது. 6) தினை சாப்பிடுவதன் மூலம் மலச்சிக்கல், அமிலத்தன்மை போன்ற பிரச்சினைகள் ஏற்படாது. 7) புற்றுநோய் – தினை ரொட்டி சாப்பிடுவது புற்றுநோய் வராமல் ஒருவரைப் பாதுகாக்கிறது. இந்த தினை ரொட்டியில் இதுபோன்ற பல நன்மைகள் உள்ளன அன்புடன் நாத் சன்வித்",தினை அல்லது பஜ்ராவை உட்கொள்வதன் மூலம் கொரோனா வைரஸ் வராமல் தடுக்கலாம்
அமெரிக்காவின் புதிய அதிபரின் பதவியேற்பு விழாவின் முதன்மை விருந்தினராக டாக்டர் மன்மோகன் சிங் ஜி கலந்து கொள்வார்,அமெரிக்காவின் புதிய அதிபரின் பதவியேற்பு விழாவின் முதன்மை விருந்தினராக டாக்டர் மன்மோகன் சிங் ஜி கலந்து கொள்வார்
"சிறுத்தை ஒன்று சுதந்திரமாக சுற்றித் திரிந்து, அங்குள்ள ஒரு குளத்திலிருந்து நீர் குடிக்கும் ஒரு காணொளி, ரன்தம்பூரில் உள்ள தாஜ் ஹோட்டல்களில் எடுக்கப்பட்டது","சிறுத்தை ஒன்று சுதந்திரமாக சுற்றித் திரிந்து, அங்குள்ள ஒரு குளத்திலிருந்து நீர் குடிக்கும் ஒரு காணொளி, ரன்தம்பூரில் உள்ள தாஜ் ஹோட்டல்களில் எடுக்கப்பட்டது"
"அவர்கள் 30 ரூபாய் எண்ணெய்க்கு 60 ரூபாய் வரி வேண்டும், விவசாயி தனது கடின உழைப்பிற்கு எம்.எஸ்.பி கேட்டால் அவர் ஒரு துரோகி.",பாலிவுட் நடிகர் நசீருதீன் ஷா பெயரில் ஒரு ட்வீட் சமூக ஊடகங்களில் வைரலாகி வருகிறது.
"ரூ.15 லட்சம் மதிப்புள்ள 10 பைக்குகளை திருடிய மூன்று பாஜக கட்சி உறுப்பினர்களை காவல்துறையினர் கைது செய்ததாக, திருடப்பட்ட இரு சக்கர வாகனங்களின் புகைப்படத்துடன் கூடிய ஒரு செய்தி புகைப்படம் கூறுகிறது.","ரூ.15 லட்சம் மதிப்புள்ள 10 பைக்குகளை திருடிய மூன்று பாஜக கட்சி உறுப்பினர்களை காவல்துறையினர் கைது செய்ததாக, திருடப்பட்ட இரு சக்கர வாகனங்களின் புகைப்படத்துடன் கூடிய ஒரு செய்தி புகைப்படம் கூறுகிறது."
"இன்று இரவு 12:30 முதல் 03:30 வரை உங்கள் தொலைபேசி, செல்லுலார், டேப்லெட் ஆகியவற்றை அணைத்துவிட்டு உங்கள் உடலில் இருந்து ஒதுக்கி வைப்பதையும் உறுதி செய்யுங்கள். சிங்கப்பூர் தொலைக்காட்சி இச்செய்தியை அறிவித்துள்ளது. தயவுசெய்து உங்கள் குடும்பத்தினருக்கும் நண்பர்களுக்கும் தெரிவியுங்கள். இன்று இரவு 12:30 முதல் 03:30 வரை, பூமிக்கு அருகில் கடந்துசெல்லும் காஸ்மிக் கதிர்களிலிருந்து வரும் மிக உயர்ந்த கதிர்வீச்சுக்கு நமது கோள் பாதிப்புக்குள்ளாகும். எனவே தயவுசெய்து செல்போன்களை அணைத்து விடுங்கள். தொலைபேசி, செல்லுலார், டேப்லெட் போன்ற மின் கருவிகளை உங்கள் உடலுக்கு அருகில் வைக்காதீர்கள், அது உங்களுக்கு பயங்கரமான சேதத்தை ஏற்படுத்தலாம். கூகுள் மற்றும் நாசா பிபிசி செய்திகளைப் பார்க்கவும். உங்களுக்கு தெரிந்த அனைத்து நபர்களுக்கும் இந்த செய்தியை அனுப்புங்கள்.","இன்று இரவு 12:30 முதல் 03:30 வரை, பூமிக்கு அருகில் கடந்துசெல்லும் காஸ்மிக் கதிர்களிலிருந்து வரும் மிக உயர்ந்த கதிர்வீச்சுக்கு நமது கோள் பாதிப்புக்குள்ளாகும். எனவே உங்கள் செல்போன்களை அணைத்து விடுங்கள்"
ஐ.ஏ.எஸ் – ஐ.பி.எஸ் பணிகளுக்கு விண்ணப்பிப்பவர்கள் 26 வயதுக்குப் பிறகு இனி விண்ணப்பிக்க முடியாது,"மத்திய அரசுப் பணியாளர் தேர்வாணையம் (யுபிஎஸ்சி) சிவில் சர்வீஸ் தேர்வுகளுக்கு (ஐ.ஏ.எஸ்., ஐ.பி.எஸ்) தோன்றுவதற்கான அதிகபட்ச வயது வரம்பை 32 லிருந்து 26 ஆண்டுகளாக குறைத்ததாக வாட்ஸ்அப்பில் பகிரப்படும் ஒரு செய்தித்தாளின் புகைப்படம் கூறுகிறது."
மினி பாகிஸ்தான் ஆகும் சென்னை: மெரினா கடற்க்கரையில் கஞ்சா போதையில் பெண்களிடம் தவறாக நடந்துக்கொள்ள முயற்ச்சித்த திருவல்லிக்கேணி பகுதியை சேர்ந்த 3 இஸ்லாமிய இளைஞர்களை தட்டிக்கேட்க சென்ற உதவி ஆய்வாளர் அகிலனுக்கு சரமாரி வெட்டு. கைது செய்யப்பட்ட இஸ்லாமிய இளைஞர்களுக்கு ஆதரவாக நூற்றுக்கணக்கான முஸ்லீம்கள் காவல் நிலையம் முற்றுகை… இது தமிழ் நாடா? தாலிபான் நாடா?,மினி பாகிஸ்தான் ஆகும் சென்னை: மெரினா கடற்க்கரையில் கஞ்சா போதையில் பெண்களிடம் தவறாக நடந்துக்கொள்ள முயற்ச்சித்த திருவல்லிக்கேணி பகுதியை சேர்ந்த 3 இஸ்லாமிய இளைஞர்களை தட்டிக்கேட்க சென்ற உதவி ஆய்வாளர் அகிலனுக்கு சரமாரி வெட்டு. கைது செய்யப்பட்ட இஸ்லாமிய இளைஞர்களுக்கு ஆதரவாக நூற்றுக்கணக்கான முஸ்லீம்கள் காவல் நிலையம் முற்றுகை… இது தமிழ் நாடா? தாலிபான் நாடா?
மேற்கு வங்க மாநிலத்தில் இந்து மக்கள் மீது காவல்துறை தாக்குதல்!,மேற்கு வங்க மாநிலத்தில் இந்து மக்கள் மீது காவல்துறை தாக்குதல்
"யோகிஜியின் தமையனார் இப்போதும் கூட ஒரு சிறிய தேநீர் கடையை நடத்திக்கொண்டிருக்கிறார். தயவு செய்து அவரை, மாயா, மம்தா, அகிலேஷ், லாலு, சிதம்பரம் மற்றும் சோனியாவின் குடும்பத்தோடு சேர்த்து எடை போட்டுப் பாருங்கள்","योगी जी के बड़े भाई अभी भी एक छोटी सी चाय-स्टॉल चलाते हैँ! जरा इनकी तुलना कीजिये माया, मोमता, अखिलेश, लालू, चिदंबरम,और सोनिया के खानदानों से...."
"ஒரு டிராக்டரில் டாக்டர் கஃபீல் கான் அமர்ந்திருக்கும் புகைப்படம் ஒன்று, டெல்லியில் நடைபெற்ற டிராக்டர் பேரணியில் அவர் பங்கேற்றதாகவும், அதில் அவர் கைது செய்யப்பட்டார் என்றும் கூறப்பட்டு, சமூக ஊடகங்களில் வைரலாக பகிரப்பட்டு வருகிறது.","சமூக ஆர்வலர் டாக்டர் கஃபீல் கான் டிராக்டரில் அமர்ந்திருக்கும் ஒரு வைரல் புகைப்படம், குடியரசு தினத்தன்று நடந்த விவசாயிகளின் டிராக்டர் பேரணியில் பங்கேற்றபோது அவர் தடுத்து நிறுத்தப்பட்டார் என்ற கூற்றுடன் பகிரப்பட்டு வருகிறது."
கொரோனா வைரஸ்க்கான சிகிச்சை கண்டுபிடிக்கப்பட்டுள்ளது. பாகற்காய் சாறு அருந்துவது கொரோனா வைரஸை 2 மணிநேரத்தில் கொல்லும் என்பதை விஞ்ஞானிகள் கண்டுபிடித்துள்ளனர்,"பீகார் சுகாதரத் துறையின் கூற்றுப்படி, பாகற்காய் சாறால் நாவல் கொரோனா வைரஸை குணப்படுத்த முடியும்"
"சனாதன தர்மம் என்னவென்று அறிய ஒரு உதாரணமாக இந்த காணொளித் துணுக்கைப் பாருங்கள். ஒழுங்கு என்றால் என்ன? நீங்கள் பார்க்க விரும்புவது என்ன? ஜகன்னாத் ரத யாத்திரையின் இந்த காணொளித் துணுக்கைப் பாருங்கள். லட்சக் கணக்கான மக்கள் சேர்ந்து, ஒற்றைத் தாள லயத்துடன், நடக்கிறார்கள்! யாரும் எது வேண்டுமானாலும் சொல்லலாம், ஆனால் உண்மை எங்காவது இருந்தால், சகிப்புத் தன்மை எங்காவது இருந்தால், ஒழுங்கு எங்காவது இருந்தால், உறுதி எங்காவது இருந்தால், பக்தி எங்காவது இருந்தால், சக்தி எங்காவது இருந்தால், ஆற்றல் எங்காவது இருந்தால், அது சனாதனிகளிடம் மட்டும்தான் உள்ளது. ஆஹா! மந்திரங்களின் இந்தப் புனிதமான சப்தம், இந்த அரிய காட்சி. எவ்வாறு மயங்காமல் மயக்கத்தில் இருக்க முடியும்.. ஜயது சத்யா சனாதன் சன்ஸ்கிருதி.",ஜகன்னாத் ரத யாத்திரையின் காணொளி
"யாராவது நீரில் மூழ்கி இறந்து போய், அவரது உடல் 3-4 மணி நேரங்களுக்குள் கண்டுபிடிக்கப்பட்டால் நான் அவரை உயிர் பிழைக்க வைக்க முடியும். அத்தகைய விபத்தை யாராவது பார்த்தாலோ, கேட்டாலோ எங்களிடம் உடனடியாகச் சொல்லுங்கள். யாருடைய உயிராவது காப்பாற்றப் படட்டும். எங்கள் கைபேசி எண் பிரஷாந்த் திரிபாதி +919454311111 +919335673001","யாராவது நீரில் மூழ்கி அதனால் இறந்து போய், அவரது உடல் 3-4 மணி நேரங்களுக்குள் கண்டுபிடிக்கப்பட்டால், இறந்து போனவரின் ஆடைகளைக் களைந்து அவர் உடலை 1.5 குவிண்டால் உப்பைக் கொண்டு மூடுங்கள். உப்பு அந்த உடலில் இருந்து தண்ணீரை வடித்து விடும். அந்த மனிதருக்கு நினைவு திரும்பியதும், அவரை ஒரு மருத்துவரிடம் அழைத்துச் செல்லுங்கள்."
"2021 பொதுத் தேர்வில் தேர்ச்சி பெற 33 சதவீதம் அல்ல, 23 சதவீதம் மட்டுமே தேவை. அரசாங்கத்திடமிருந்து பெரிய அறிவிப்பு","2021 பொதுத் தேர்வில் தேர்ச்சி பெற 33 சதவீதம் அல்ல, 23 சதவீதம் மட்டுமே தேவை. அரசாங்கத்திடமிருந்து பெரிய அறிவிப்பு"
பீகாரில் எதிர்ப்பு தீ பற்றி எரிகிறது… Go Back Modi தமிழர்கள் போட்ட விதை இன்று #GoBackModi. பீகார் மக்கள் தொடர்கிறார்கள். அருமை வாழ்த்துக்கள் தொடரட்டும் இந்தியா முழுவதும்,நாம போட்ட விதை #GoBackModi. பீகார் மக்கள் தொடர்கிறார்கள். அருமை.
"உலக அதிசயங்களில் ஒன்றான தாஜ்மஹால் 99 ஆண்டுகளுக்கு தி பிளாசா என்ற நியூயார்க் ஹோட்டலுக்கு ஒத்திக்கு விடப்படும், சினிமா படப்பிடிப்பு, திருமணங்கள் நடத்தவும் அனுமதி","உலக அதிசயங்களில் ஒன்றான தாஜ்மஹால் 99 ஆண்டுகளுக்கு தி பிளாசா என்ற நியூயார்க் ஹோட்டலுக்கு ஒத்திக்கு விடப்படும், சினிமா படப்பிடிப்பு, திருமணங்கள் நடத்தவும் அனுமதி"
"ஹரியானா விவசாயிகள் மசோதாவுக்கு #எதிர்ப்புகள் வரத் தொடங்கியுள்ளன. பாஜக எம்எல்ஏ உதய் சிங் விவசாயிகளால் கடுமையாக தாக்கப்பட்டார்,",பாஜக எம்எல்ஏ உதய் சிங் ஹரியானாவில் விவசாயிகளால் தாக்கப்பட்டதாக ஒரு காணொலி வைரலாகி வருகிறது.
டெல்லி அரசு அதிரடி உத்தரவு. அனைத்து கட்டண சேனல்களுக்கும் விளம்பரம் இருக்கக்கூடாது. அப்படி இல்லை எனில் விளம்பரம் இருக்கும் சேனலில் கட்டணம் கேட்கக்கூடாது. விளம்பரங்களுக்கு கோடிக்கணக்கான ரூபாய் சம்பாதிக்கும் சேனல்களுக்கு கட்டணம் கிடையாது என்று கெஜ்ரிவால் அறிவித்துள்ளார். இதை நாமும் வரவேற்போம். இதை அனைத்து நண்பர்களுக்கும் ஷேர் பண்ணவும்…,டெல்லி அரசு அதிரடி உத்தரவு. அனைத்து கட்டண சேனல்களுக்கும் விளம்பரம் இருக்கக்கூடாது. அப்படி இல்லை எனில் விளம்பரம் இருக்கும் சேனலில் கட்டணம் கேட்கக்கூடாது. விளம்பரங்களுக்கு கோடிக்கணக்கான ரூபாய் சம்பாதிக்கும் சேனல்களுக்கு கட்டணம் கிடையாது என்று கெஜ்ரிவால் அறிவித்துள்ளார். இதை நாமும் வரவேற்போம். இதை அனைத்து நண்பர்களுக்கும் ஷேர் பண்ணவும்
பஞ்சாப் விவசாயிகளுக்கும் காஷ்மீர் 370 & 35A சட்டத்திற்க்கும் என்னடா சம்பந்தம்?? ….,பஞ்சாப் விவசாயிகளுக்கும் காஷ்மீர் 370 & 35A சட்டத்திற்க்கும் என்னடா சம்பந்தம்
பாஜக கட்சி ஆட்சிக்கு வந்தால் வேளாண் சட்டங்களை ரத்து செய்வோம் என்று தமிழகத்தின் மாநில பாஜக தலைவர் எல் முருகன் கூறியதாக புதியதலைமுறையின் பெயரில் பகிரப்படும் ஒரு புகைப்படம் கூறுகிறது,பாஜக கட்சி ஆட்சிக்கு வந்தால் வேளாண் சட்டங்களை ரத்து செய்வோம் என்று தமிழகத்தின் மாநில பாஜக தலைவர் எல் முருகன் கூறியதாக புதியதலைமுறையின் பெயரில் பகிரப்படும் ஒரு புகைப்படம் கூறுகிறது
கைகோர்த்துக் கொண்டு பொய்களைப் பரப்ப வேண்டாம் என்று சொல்கிறேன். விவசாயிகளை இழிவுபடுத்த வேண்டாம்,"கழுத்தில் காவி நிற துணியும், பிரதமர் மோடியின் புகைப்படத்துடன் கூடிய டி-ஷர்ட்டையும் அணிந்திருக்கும் ஒருவரின் புகைப்படம் சமூக ஊடகங்களில் வைரலாகி வருகிறது. அந்த நபர் ஒரு காவல்துறை அலுவலருக்கு முன்னால் லத்தி போன்ற ஒன்றைக் காண்பிப்பதைக் நம்மால் காண முடிகிறது. 26 ஜனவரி அன்று குடியரசு தின கொண்டாட்டங்களுக்குப் பிறகு நடந்த டிராக்டர் அணிவகுப்பின் போது நடந்த வன்முறைகளின் நிகழ்வுகளைக் காண்பிப்பதாக இந்தப் புகைப்படம் கூறுகிறது."
சிறப்பு தீபாவளி சலுகையாக இலவச டிஸ்னி-ஹாட்ஸ்டார் சந்தாவுடன் ஜியோ டிஜிட்டல் லைஃப் ₹ 401 க்கு இலவச ரீசார்ஜ் வழங்குகிறது என்ற கூற்றுடன் அம்பானியின் புகைப்டத்துடன் கூடிய ஒரு வைரல் இடுகை சமூக வலைத்தளங்களில் வேகமாக பகிரப்பட்டு வருகிறது. இந்தச் சலுகை 31 அக்டோபர் 2020 வரை மட்டுமே கிடைக்கும் என்றும் இந்தப் பதிவு தெரிவிக்கிறது,சிறப்பு தீபாவளி சலுகையாக இலவச டிஸ்னி-ஹாட்ஸ்டார் சந்தாவுடன் ஜியோ டிஜிட்டல் லைஃப் ₹ 401 க்கு இலவச ரீசார்ஜ் வழங்குகிறது
"பெண் ஒருவர் கொடூரமாக கொல்லப்படும் காணொலி இந்தியாவில் எடுக்கப்பட்டது என்ற கூற்றுடன் சமூக ஊடகங்களில் வைரலாகி வருகிறது. 31 வினாடிகள் நீளமூள்ள இந்த காணொலியில், முகமூடி அணிந்த ஒருவரால், பெண் ஒருவர் தலையில் தாக்கப்படுகிறார். மேலும் அந்தப் பெண்ணின் கைகளும், வாயும் கட்டப்பட்டு இருப்பதையும் நம்மால் காண முடிகிறது","பெண் ஒருவர் கொடூரமாக கொல்லப்படும் காணொலி இந்தியாவில் எடுக்கப்பட்டது என்ற கூற்றுடன் சமூக ஊடகங்களில் வைரலாகி வருகிறது. 31 வினாடிகள் நீளமூள்ள இந்த காணொலியில், முகமூடி அணிந்த ஒருவரால், பெண் ஒருவர் தலையில் தாக்கப்படுகிறார். மேலும் அந்தப் பெண்ணின் கைகளும், வாயும் கட்டப்பட்டு இருப்பதையும் நம்மால் காண முடிகிறது"
"உத்தரகாண்டில் உள்ள ஜோஷிமத் ஆபத்தில் இருக்கும்போது, வானத்தில் ஒரு விசித்திரமான மேகம் தோன்றி பிராணத்தை வெளிப்படுத்துகிறது. மக்கள் பேரழிவிலிருந்து தங்களைக் காப்பாற்ற தேவபூமியின் உன்னத இறைவனிடம் முறையிடுவது போல.","உத்தரகாண்டில் உள்ள ஜோஷிமத் ஆபத்தில் இருக்கும்போது, வானத்தில் ஒரு விசித்திரமான மேகம் தோன்றி பிராணத்தை வெளிப்படுத்துகிறது. மக்கள் பேரழிவிலிருந்து தங்களைக் காப்பாற்ற தேவபூமியின் உன்னத இறைவனிடம் முறையிடுவது போல"
இது சிவலிங்கப் பூ. இமயமலைப் பிரதேசத்தில் 99 ஆண்டுகளுக்கு ஒரு முறை தான் பூக்குமாம்! இதனைப் பார்ப்பதே புண்ணியம்!,இது சிவலிங்கப் பூ. இமயமலைப் பிரதேசத்தில் 99 ஆண்டுகளுக்கு ஒரு முறை தான் பூக்குமாம்
"‘இந்தூர் காவல்துறை நிர்வாகத்தின் பெண்களுக்கான தனித்துவமான முயற்சி.. இந்தூர் காவல்துறை பெண்களுக்கான இலவச பயண திட்டத்தை அறிமுகப்படுத்தியுள்ளது. இதன்படி தனியாக இருக்கும் எந்தவொரு பெண்ணும் இரவு 10 மணி முதல் காலை 6 மணி வரை வாகனம் எதுவும் கிடைக்கவில்லை என்றால், காவல்துறை உதவி எண்ணை (1091 மற்றும் 7837018555) அழைத்து, தனக்கு வாகனம் வேண்டி கோரிக்கை வைக்கலாம். இந்த வசதி 24 × 7 உண்டு. அவரது கோரிக்கையைத் ஏற்று, கட்டுப்பாட்டு அறை வாகனம் அல்லது அருகிலுள்ள PCR வாகனம் / SHO வாகனம், அவளைப் பாதுகாப்பாக அவள் வேண்டுமிடத்தில் இறக்கிவிடும். இந்தச் சேவைக்கு கட்டணம் எதுவும் கிடையாது. இந்தச் செய்தியை மேலும் பலருக்கு, உங்கள் நண்பர்கள், உறவினர்கள், தெரிந்தவர்கள் மற்றும் அறிமுகமானவர்களுக்கு பகிருங்கள். செய்திகளைப் பாருங்கள்",இந்தூர் காவல்துறை பெண்களுக்கு இலவச பயண திட்டத்தை அறிமுகப்படுத்தியுள்ளதாக ஒரு பதிவு கூறுகிறது.
டில்லியில் விவசாயிகள் போராட்டம் என்ற பெயரில் நடக்கும் நாடகத்துக்கு ரூ.350/- கூலியாமே,டில்லியில் விவசாயிகள் போராட்டம் என்ற பெயரில் நடக்கும் நாடகத்துக்கு ரூ.350/- கூலியாமே
"இவர்களை தாலிபான் ஆட்சியை விரும்பி ஏற்கும் ஆப்கானிஸ்தானுக்கு கொண்டு செல்லுங்கள், தற்போது மொபைல் போன்கள் ஆப்கானிஸ்தானில் தடை செய்யப்பட்டுள்ளன. அனைவரும் தங்கள் மொபைல் போன்களை தன்னிச்சையாக தாலிபான் ராணுவ அதிகாரிகளிடம் கொடுத்துவிட வேண்டும். அதற்குப் பின், மொபைல் போன் வைத்திருக்கும் எவரும் கொல்லப்படுவார்கள், இதுதான் ஆப்கானிஸ்தானின் புதிய சட்டம்.","ஆங்கில மொழிபெயர்ப்பு – இவர்களை தாலிபான் ஆட்சியை விரும்பி ஏற்கும் ஆப்கானிஸ்தானுக்கு கொண்டு செல்லுங்கள், தற்போது மொபைல் போன்கள் ஆப்கானிஸ்தானில் தடை செய்யப்பட்டுள்ளன. அனைவரும் தங்கள் மொபைல் போன்களை தன்னிச்சையாக தாலிபான் ராணுவ அதிகாரிகளிடம் கொடுத்துவிட வேண்டும். அதற்குப் பின், மொபைல் போன் வைத்திருக்கும் எவரும் கொல்லப்படுவார்கள், இதுதான் ஆப்கானிஸ்தானின் புதிய சட்டம்"
புகழ் பெற்ற கிரிக்கெட் வீரர் அஃப்ரிடியின் மகள் இரத்தப் புற்றுநோயால் மரணம்..ஆழ்ந்த இரங்கல்..,"ரோஜா இதழ்கள் தூவப்பட்டு, வெள்ளை நிற துணியால் மூடப்பட்டிருக்கும் ஒரு சடலத்தின் புகைப்படத்தையும், உறங்கிக் கொண்டிருக்கும் ஒரு பெண்ணின் அருகில் ஷாஹித் அப்ரிடி நிற்கும் ஒரு புகைப்படத்தையும் கொண்டுள்ள ஒரு படத்தொகுப்பை பதிவேற்றி,"
"“இது ஒரு புகைப்படம் அல்ல, ஒரு ஓவியம். இந்திய ஓவியத்தின் திறமை இது.” பதிவு விவரம் இவ்வாறு இருந்தது “கலைஞருக்கு மரியாதை”","எங்கள் புலன்விசாரணையில் இந்தக் க்ளைம் போலி என்று கண்டுபிடித்தோம். இந்த வைரல் படம் உண்மையில் ஒரு புகைப்படம்தான், ஓவியம் அல்ல."
"குஜராத் முதல்வர் விஜய் ரூபானி பொது மேடையில் உரையாற்றிக் கொண்டிருந்தபோது, மயக்கமுற்று சரிந்து விழும் காணொலியை, அவர் இறந்துவிட்டார்","குஜராத் முதல்வர் விஜய் ரூபானி பொது மேடையில் உரையாற்றிக் கொண்டிருந்தபோது, மயக்கமுற்று சரிந்து விழும் காணொலியை, அவர் இறந்துவிட்டார்"
"கனிமொழியின் MP நிதி ₹75,00,000ல் ஆரம்பிக்கப்பட்டு 10 ஆண்டுகளாகியும் ஒற்றை அடி உயர சுவர் கூட எழும்பாத ஆரம்ப சுகாதார நிலையம், அம்மா கனியே எங்கே அந்த ₹75,00,000","கனிமொழியின் MP நிதி ₹75,00,000ல் ஆரம்பிக்கப்பட்டு 10 ஆண்டுகளாகியும் ஒற்றை அடி உயர சுவர் கூட எழும்பாத ஆரம்ப சுகாதார நிலையம், அம்மா கனியே எங்கே அந்த ₹75,00,000"
"‘ஆரோக்கிய தயாரிப்புகள்’ என்ற பெயரில் பகிரப்படும் பேஸ்புக் இடுகை, “வண்ணக் குறியீட்டின் பொருள் என்ன: “கறுப்பு நிறம் என்றால் தூய வேதியியல் பொருட்களால் ஆனது, சிவப்பு என்றால் இயற்கை + வேதியியல் பொருட்களால் ஆனது, நீலம் என்றால் இயற்கை + மருத்துவ பொருட்களால் ஆனது மற்றும் பச்சை என்றால் இயற்கை பொருட்களால் ஆனது,” என்று கூறுகிறது. இந்த இடுகையுடன் உள்ள தலைப்பில், “#FridayFact: உங்கள் டூத்பேஸ்ட்டில் உள்ள வண்ணக் குறியீட்டின் அர்த்தம் என்ன என்று உங்களுக்குத் தெரியுமா? உங்கள் பற்பசையில் வண்ண குறியீடு என்ன என்பதைப் பகிரவும்!","வண்ணக் குறியீட்டின் பொருள் என்ன: “கறுப்பு நிறம் என்றால் தூய வேதியியல் பொருட்களால் ஆனது, சிவப்பு என்றால் இயற்கை + வேதியியல் பொருட்களால் ஆனது, நீலம் என்றால் இயற்கை + மருத்துவ பொருட்களால் ஆனது மற்றும் பச்சை என்றால் இயற்கை பொருட்களால் ஆனது,” என்று கூறுகிறது. இந்த இடுகையுடன் உள்ள தலைப்பில், “#FridayFact: உங்கள் டூத்பேஸ்ட்டில் உள்ள வண்ணக் குறியீட்டின் அர்த்தம் என்ன என்று உங்களுக்குத் தெரியுமா? உங்கள் பற்பசையில் வண்ண குறியீடு என்ன என்பதைப் பகிரவும்! ”"
"ஐநாவின் பாரம்பரிய மற்றும் தொல்பொருள் துறை அமைப்பான யுனெஸ்கோ நடத்திய ஆய்வில், உலகின் தொன்மையான மற்றும் நம்பிக்கையான இனமாக நம் நாடார் இனம் தேர்வு. நாடார் குலம் முதல் இடம் பிடித்தது. உலகில் உள்ள 3 லட்சத்துக்கும் மேலான ஜாதி, இன குழுக்களை ஆய்வு செய்து இந்த முடிவுக்கு வந்துள்ளனர். முதல் 10 இடங்களில் இந்தியாவிலுள்ள வேறெந்த ஜாதியும் இடம்பெறவில்லை. நம்பிக்கை, நாணயம், உழைப்பு, பிறருக்கு உதவுதல், தொன்மை, கலாச்சாரம் , பண்பாடு, பாரம்பரியம், பாசம், வீரம் முதலியவற்றில் உலகுக்கே முன்னோடி என புகழாரம்",யுனெஸ்கோ நாடார் சமூகத்தை உலகின் தொன்மையான இனமாக அறிவித்தது
"இந்தியன் ஆயில் அதானிக்கு விற்கப்பட்டதாக சமூக ஊடகங்களில் பரவலாக ஒரு படத்தொகுப்பு பகிரப்படுகிறது. இது நம் நாட்டில் காங்கிரஸின் ஆட்சிக் காலத்தை, பாஜக ஆட்சியுடன் ஒப்பிடுகிறது",இந்தியன் ஆயில் அதானிக்கு விற்கப்பட்டதாக சமூக ஊடகங்களில் பரவலாக ஒரு படத்தொகுப்பு பகிரப்படுகிறது
"200 கோடி செலவில் உருவாக்கப்பட்ட ஒரு சிலை இருக்கும் ஒரு நாட்டில் அரசுப் பள்ளிகளின் நிலை இதுதான். யார் மனதில் மனிதநேயம் இருக்கிறதோ அவர்கள் இந்தப் படத்தைப் பாருங்கள், பிறகு சொல்லுங்கள், எது முக்கியம், பள்ளியா அல்லது 3200 கோடியில் ஒரு சிலையா .#ShamefulUttar Pradesh.’","3200 கோடி செலவில் உருவாக்கப்பட்ட ஒரு சிலை இருக்கும் ஒரு நாட்டில் அரசுப் பள்ளிகளின் நிலை இதுதான். யார் மனதில் மனிதநேயம் இருக்கிறதோ அவர்கள் இந்தப் படத்தைப் பாருங்கள், பிறகு சொல்லுங்கள், எது முக்கியம், பள்ளியா அல்லது 3200 கோடியில் ஒரு சிலையா .#ShamefulUttar Pradesh."
"ராஜஸ்தான் முதலமைச்சர் அசோக் கெஹ்லோட் தர்காவிலிருந்து வெளியே வரும் ஒரு வைரல் காணொளி, தீபாவளியின்போது பட்டாசுகளை தடை செய்த பின்னர் தர்காவிற்கு சென்று அவர் நமாஸ் செய்தார் என்ற கூற்றுடன் பகிரப்படுகிறது","ராஜஸ்தான் முதலமைச்சர் அசோக் கெஹ்லோட் தர்காவிலிருந்து வெளியே வரும் ஒரு வைரல் காணொளி, தீபாவளியின்போது பட்டாசுகளை தடை செய்த பின்னர் தர்காவிற்கு சென்று அவர் நமாஸ் செய்தார் என்ற கூற்றுடன் பகிரப்படுகிறது"
"அலுவலகத்தில் உரிமையாளரின் புகைப்படத்தைப் பாருங்கள், குருட்டு பக்தரின் அடிமைத்தனத்திற்கு இதைவிட வேறு என்ன ஆதாரம் தேவை","பிரதமர் நரேந்திர மோடி மற்றும் முன்னாள் கிரிக்கெட் வீரர் சச்சின் டெண்டுல்கர் சந்திப்பில் எடுக்கப்பட்ட புகைப்படம் சமூக ஊடகங்களில் வைரலாகி வருகிறது. இந்த புகைப்படத்தில், முகேஷ் அம்பானி மற்றும் நிதா அம்பானி ஆகியோரின் புகைப்படத்தை சச்சினின் பின்னால் உள்ள சுவரில் நம்மால் காண முடிகிறது. பிரதம மந்திரி அலுவலகத்தில் முகேஷ் அம்பானி மற்றும் நீதா அம்பானி ஆகியோரின் புகைப்படம் இருப்பதாக இதைப் பகிர்ந்த பயனர்கள் எழுதியுள்ளனர்."
"மைக்ரோ, சிறு மற்றும் நடுத்தர நிறுவனங்களின் அமைச்சின் கீழ் செயல்பட்டு வரும் காதி இந்தியா மூன்று முக கவசங்களை ரூ. 999ற்கு விற்பதாக கூறுகிறது. மேலும் காதி, மகாத்மா காந்தியின் படத்தை பிரதமர் நரேந்திர மோடியின் படத்துடன் மாற்றியுள்ளதாக கூறுகிறது.",காதி இந்தியா மூன்று முக கவசங்களை ரூ. 999ற்கு விற்கிறது.
“கான்பூரில் தடுப்பூசி போட்ட பிறகு மருத்துவமனையில் அனுமதிக்கப்பட்ட 40 மாணவர்கள்” என்ற செய்தித்தாள் தலையங்கத்தை கொண்டுள்ள ஒரு பதிவு சமூக ஊடகங்களில் வைரலாகி வருகிறது. இந்தியாவில் கோவிட் -19 தடுப்பூசி செலுத்தப்பட்டால் நிலைமை இதுதான் என்று கூறுகிறது,"கான்பூரில் தடுப்பூசி போட்டுக்கொண்ட 40 மாணவர்கள் மருத்துவமனையில் அனுமதிக்கப்பட்டதாகக் கூறும் செய்தித்தாள் ஒன்றின் தலைப்பை காட்டும் புகைப்படம், இந்தியாவில் கோவிட் -19 தடுப்பூசி செலுத்தப்பட்டதால் நிலைமை இதுதான் என்ற கூற்றுடன் சமூக ஊடகங்களில் வைரலாகி வருகிறது."
"கோவிட் -19 நோய்த்தடுப்பிற்காக ஐ.சி.எம்.ஆரின் புதிய வழிகாட்டுதல்கள் ஆகஸ்ட் 6 ஆம் தேதி வெளியிடப்பட்டுள்ளன. அதன்படி ஒன்றாம் நாள், ஏழாம் நாள் மற்றும் முப்பதாம் நாள் அன்று இரவு உணவுக்கு பிறகு இரண்டு மணிநேரம் கழித்து, ஐவர்மெக்டின் 12 மி.கிராம் மாத்திரையும், அதைதொடர்ந்து நோய்தொற்று முடியும் வரை ஒவ்வொரு 30 நாட்களுக்கும் 12 மி.கிராம் உள்ள ஒரு மாத்திரையும் உட்கொண்டு வர வேண்டும்",கோவிட் -19 நோய்த்தடுப்பிற்காக ஐ.சி.எம்.ஆரின் புதிய வழிகாட்டுதல்கள் ஆகஸ்ட் 6 ஆம் தேதி வெளியிடப்பட்டுள்ளன.
விவசாய மசோதாவை எதிர்த்து டெல்லியில் இந்தியா கேட் அருகே ஒரு டிராக்டரை எரித்த பின்னர் ஏழை விவசாயிகள் வெள்ளி தட்டில் சாப்பிடுகிறார்கள்,இந்தியா கேட் அருகே விவசாய மசோதாவை எதிர்த்து ஏழை விவசாயிகள் டிராக்டரை எரித்த பின்னர் வெள்ளி தட்டில் சாப்பிடுகிறார்கள் என்ற கூற்றுடன் ஒரு படம்
இருசக்கர வாகன ஓட்டுநர் மீது விளம்பர பலகை விழும் காணொலி சமூக ஊடகங்களில் வைரலாகி வருகிறது. இச்சம்பவம் நிவர் சூறாவளி காரணமாக சென்னையில் நடைபெற்றதாக கூறப்படுகிறது,இருசக்கர வாகன ஓட்டுநர் மீது விளம்பர பலகை விழும் காணொலி சமூக ஊடகங்களில் வைரலாகி வருகிறது. இச்சம்பவம் நிவர் சூறாவளி காரணமாக சென்னையில் நடைபெற்றதாக கூறப்படுகிறது
"முகக்கவசம் வேலை செய்கின்றன என்றால், மருத்துவமனைகள் மற்றும் சுகாதார நிலையங்களில் அனுமதிக்கப்பட்டிருக்கும் தங்கள் அன்புக்குரியவர்களை சந்திக்க மக்களுக்கு அனுமதி வழங்க வேண்டும். அப்படி அவை வேலை செய்யவில்லை என்றால், அவற்றை குழந்தைகளுக்கு அணியாது இருக்க வேண்டும். யாரோ இங்கு பொய் உரைக்கிறார்கள்…","முகக்கவசம் வேலை செய்கின்றன என்றால், மருத்துவமனைகள் மற்றும் சுகாதார நிலையங்களில் அனுமதிக்கப்பட்டிருக்கும் தங்கள் அன்புக்குரியவர்களை சந்திக்க மக்களுக்கு அனுமதி வழங்க வேண்டும். அப்படி அவை வேலை செய்யவில்லை என்றால், அவற்றை குழந்தைகளுக்கு அணியாது இருக்க வேண்டும். யாரோ இங்கு பொய் உரைக்கிறார்கள்"
"ராணுவத்துக்கு மரியாதை செலுத்துங்கள்’. கருத்துக்கள் சொல்லுமிடத்தில், இந்த காணொளியை உண்மை என்று நினைத்து அதை பாராட்டி மக்கள் எழுதுவதை பார்க்கலாம்.",ராணுவத்துக்கு மரியாதை செலுத்துங்கள்
